age_group,Total_Patients,Deaths,Mortality_Rate,Mortality_Rate_%
<30,244,13,0.0533,5.33
30-39,241,11,0.0456,4.5600000000000005
40-49,579,34,0.0587,5.87
50-59,1037,74,0.0714,7.140000000000001
60-69,1444,128,0.0886,8.86
70-79,1322,156,0.118,11.799999999999999
80+,647,99,0.153,15.299999999999999
