ethnicity_group,Total_Patients,Deaths,Mortality_Rate,Mortality_Rate_%
ASIAN,153,16,0.1046,10.459999999999999
BLACK,378,30,0.0794,7.9399999999999995
HISPANIC,221,14,0.0633,6.329999999999999
OTHER,533,70,0.1313,13.13
WHITE,4229,385,0.091,9.1
