Comorbidity,Prevalence_%,Mortality_With_%,Mortality_Without_%
Diabetes,28.219078708741385,9.575835475578407,9.247094492167761
Hypertension,50.27203482045702,8.658008658008658,10.029175784099198
CKD,30.993833877402977,18.89994148624927,5.045992115637319
CHF,21.76278563656148,12.5,8.460825220213259
COPD,6.655785273848386,14.713896457765669,8.956673790557607
Cancer,25.73449401523395,12.332628611698379,8.302808302808302
