Model,AUC,Accuracy,Precision,Recall,Specificity,F1-Score
XGBoost,0.8977378640776699,0.8757932910244787,0.40860215053763443,0.7378640776699029,0.89,0.5259515570934256
Random Forest,0.9004077669902913,0.9138712601994561,0.532258064516129,0.6407766990291263,0.942,0.5814977973568282
Logistic Regression,0.8777184466019418,0.7887579329102448,0.2833333333333333,0.8252427184466019,0.785,0.4218362282878412
LightGBM,0.8809223300970874,0.9111514052583862,0.5301204819277109,0.42718446601941745,0.961,0.4731182795698925
